rsid,effect_allele,effect_size,p_value
rs1248825,A,0.02656,7e-15
rs2736155,C,0.02230,3e-12
rs10156602,A,0.02628,3e-15
rs7106434,T,0.02092,9e-11
rs5803650,C,0.02551,6e-14
rs9513519,A,0.02066,2e-10
